MSI B450 TOMAHAWK MAX ATX AM4 Motherboard|$114.99|MSI|AM4|ATX
Gigabyte B450M DS3H Micro ATX AM4 Motherboard|$71.98|Gigabyte|AM4|Micro ATX
Asus TUF GAMING X570-PLUS (WI-FI) ATX AM4 Motherboard|$179.99|Asus|AM4|ATX
MSI Z390-A PRO ATX LGA1151 Motherboard|$119.99|MSI|LGA1151|ATX
Asus ROG STRIX B550-F GAMING (WI-FI) ATX AM4 Motherboard|$204.99|Asus|AM4|ATX
Asus ROG STRIX Z490-E GAMING ATX LGA1200 Motherboard|$291.99|Asus|LGA1200|ATX
Asus PRIME Z390-A ATX LGA1151 Motherboard|$159.99|Asus|LGA1151|ATX
Asus PRIME A320M-K Micro ATX AM4 Motherboard|$58.99|Asus|AM4|Micro ATX
Gigabyte B450 I AORUS PRO WIFI Mini ITX AM4 Motherboard|$119.99|Gigabyte|AM4|Mini ITX
MSI B550M PRO-VDH WIFI Micro ATX AM4 Motherboard|$109.99|MSI|AM4|Micro ATX
Asus ROG Crosshair VIII Hero (WI-FI) ATX AM4 Motherboard|$379.99|Asus|AM4|ATX
Gigabyte GA-A320M-S2H Micro ATX AM4 Motherboard|$53.99|Gigabyte|AM4|Micro ATX
